Gene symbol,Genomic coordinate (GRCh38),HGVS representation (cDNA),Transcript-based HGVS,Gene Symbol and ID,Relevant Transcript ID(s),Relevant Protein Name,RefSeq protein ID,Variant ID (rsID),Relevant Molecular Mechanisms,Associated Disease,Ethnic Population,Subpopulation ID (1KG),Sex,Variant Frequency (%),Absolute Penetrance (%),Relative Penetrance,Total Number of Unique Haplotypes,Haplotype Frequency,Key Studies,Supporting Publications
SNCA,Chr4:90.6–90.76 Mb region,"Multiple (e.g., c.459+239G>A)",NM_000345.3 (intron/3' UTR),SNCA (Gene ID:6622),NM_000345.3,Alpha-synuclein,NP_000336.1,rs2736990 / rs356165 / rs356219,Exon 5 splicing change → SNCA-112 isoform,Parkinson’s disease,African,AFR: YRI/LWK,All,30.0,0,1.2,999,100,"(McCarthy 2011, PMC3030669; GWAS of SNCA; risk haplotype common)",https://www.ncbi.nlm.nih.gov/pmc/articles/PMC3030669
SNCA,Chr4:90.6–90.76 Mb region,"Multiple (e.g., c.459+239G>A)",NM_000345.3 (intron/3' UTR),SNCA (Gene ID:6622),NM_000345.3,Alpha-synuclein,NP_000336.1,rs2736990 / rs356165 / rs356219,Exon 5 splicing change → SNCA-112 isoform,Parkinson’s disease,European,EUR: CEU/TSI,All,40.0,0,1.4,999,100,"(McCarthy 2011, PMC3030669; JAMA Neurol 2010; ~1.4× PD risk in EUR)",https://www.ncbi.nlm.nih.gov/pmc/articles/PMC3030669\nhttps://jamanetwork.com/journals/jamaneurology
SNCA,Chr4:90.6–90.76 Mb region,"Multiple (e.g., c.459+239G>A)",NM_000345.3 (intron/3' UTR),SNCA (Gene ID:6622),NM_000345.3,Alpha-synuclein,NP_000336.1,rs2736990 / rs356165 / rs356219,Exon 5 splicing change → SNCA-112 isoform,Parkinson’s disease,East Asian,EAS: CHB/JPT,All,35.0,0,1.3,999,100,"(McCarthy 2011, PMC3030669; replicated in Chinese PD, OR~1.3)",https://www.ncbi.nlm.nih.gov/pmc/articles/PMC3030669
SNCA,Chr4:90.6–90.76 Mb region,"Multiple (e.g., c.459+239G>A)",NM_000345.3 (intron/3' UTR),SNCA (Gene ID:6622),NM_000345.3,Alpha-synuclein,NP_000336.1,rs2736990 / rs356165 / rs356219,Exon 5 splicing change → SNCA-112 isoform,Parkinson’s disease,South Asian,SAS: GIH/STU,All,35.0,0,1.3,999,100,"(McCarthy 2011, PMC3030669; limited SAS data, ~1.3 OR)",https://www.ncbi.nlm.nih.gov/pmc/articles/PMC3030669
SNCA,Chr4:90.6–90.76 Mb region,"Multiple (e.g., c.459+239G>A)",NM_000345.3 (intron/3' UTR),SNCA (Gene ID:6622),NM_000345.3,Alpha-synuclein,NP_000336.1,rs2736990 / rs356165 / rs356219,Exon 5 splicing change → SNCA-112 isoform,Parkinson’s disease,American,AMR: CLM/MXL,All,30.0,0,1.3,999,100,(JAMA Neurol 2010; ~1.3–1.4× in Latino/Ashkenazi; incomplete penetrance),https://jamanetwork.com/journals/jamaneurology
MAPT,Chr17:43.5–43.6 Mb (inversion),N/A (H1/H2),Multiple: e.g. NM_005910.5,MAPT (Gene ID:4137),"NM_005910.5, NM_001123066.3",Microtubule-associated protein Tau,NP_005901.2,(No single rsID),H1 → ↑ exon10 inclusion (4R tau),PSP / 4R tauopathies,African,AFR: YRI/LWK,All,100.0,0,1.0,2,0,(Baker et al.; PMC2801069; population nearly all H1/H1 → no difference),https://www.ncbi.nlm.nih.gov/pmc/articles/PMC2801069
MAPT,Chr17:43.5–43.6 Mb (inversion),N/A (H1/H2),Multiple: e.g. NM_005910.5,MAPT (Gene ID:4137),"NM_005910.5, NM_001123066.3",Microtubule-associated protein Tau,NP_005901.2,(No single rsID),H1 → ↑ exon10 inclusion (4R tau),PSP / 4R tauopathies,European,EUR: CEU/TSI,All,80.0,0,5.5,2,20,(Baker 1999; PSP risk ~5.5× for H1/H1; PMC2801069),https://www.ncbi.nlm.nih.gov/pmc/articles/PMC2801069
MAPT,Chr17:43.5–43.6 Mb (inversion),N/A (H1/H2),Multiple: e.g. NM_005910.5,MAPT (Gene ID:4137),"NM_005910.5, NM_001123066.3",Microtubule-associated protein Tau,NP_005901.2,(No single rsID),H1 → ↑ exon10 inclusion (4R tau),PSP / 4R tauopathies,East Asian,EAS: CHB/JPT,All,100.0,0,1.0,2,0,(PMC2801069; nearly 100% H1; no PSP association by haplotype),https://www.ncbi.nlm.nih.gov/pmc/articles/PMC2801069
MAPT,Chr17:43.5–43.6 Mb (inversion),N/A (H1/H2),Multiple: e.g. NM_005910.5,MAPT (Gene ID:4137),"NM_005910.5, NM_001123066.3",Microtubule-associated protein Tau,NP_005901.2,(No single rsID),H1 → ↑ exon10 inclusion (4R tau),PSP / 4R tauopathies,South Asian,SAS: GIH/STU,All,90.0,0,1.0,2,0,(PMC2801069; H2 extremely rare → no difference in SAS),https://www.ncbi.nlm.nih.gov/pmc/articles/PMC2801069
MAPT,Chr17:43.5–43.6 Mb (inversion),N/A (H1/H2),Multiple: e.g. NM_005910.5,MAPT (Gene ID:4137),"NM_005910.5, NM_001123066.3",Microtubule-associated protein Tau,NP_005901.2,(No single rsID),H1 → ↑ exon10 inclusion (4R tau),PSP / 4R tauopathies,American,AMR: CLM/MXL,All,50.0,0,1.0,2,10,(PMC2801069; depends on EUR admixture for H2 presence; incomplete penetrance),https://www.ncbi.nlm.nih.gov/pmc/articles/PMC2801069
CFTR,Chr7:117120000-117308000,c.1210-12T(5) (IVS8-5T),NM_000492.3:c.1210-12T(5),CFTR (Gene ID:1080),NM_000492.4,Cystic Fibrosis Transmembrane Regulator,NP_000483.1,(No single rsID; ClinVar=7102),Weak intron8 acceptor → partial exon9 skipping,"CFTR-related (CBAVD, mild CF)",African,AFR: YRI/LWK,Male,3.0,10,6.0,999,3,(Chillon 1995; Bombieri 2011; Groman 2004; ~10% penetrance for male CBAVD),(No direct links)
CFTR,Chr7:117120000-117308000,c.1210-12T(5) (IVS8-5T),NM_000492.3:c.1210-12T(5),CFTR (Gene ID:1080),NM_000492.4,Cystic Fibrosis Transmembrane Regulator,NP_000483.1,(No single rsID; ClinVar=7102),Weak intron8 acceptor → partial exon9 skipping,"CFTR-related (CBAVD, mild CF)",African,AFR: YRI/LWK,Female,3.0,0,1.0,999,3,(Chillon 1995; 5T is often silent in females → ~0% clinically),(No direct links)
CFTR,Chr7:117120000-117308000,c.1210-12T(5) (IVS8-5T),NM_000492.3:c.1210-12T(5),CFTR (Gene ID:1080),NM_000492.4,Cystic Fibrosis Transmembrane Regulator,NP_000483.1,(No single rsID; ClinVar=7102),Weak intron8 acceptor → partial exon9 skipping,"CFTR-related (CBAVD, mild CF)",European,EUR: CEU/TSI,Male,5.0,10,6.0,999,5,(Chillon 1995; Bombieri 2011; ~5% freq in EUR; ~10% male penetrance),(No direct links)
CFTR,Chr7:117120000-117308000,c.1210-12T(5) (IVS8-5T),NM_000492.3:c.1210-12T(5),CFTR (Gene ID:1080),NM_000492.4,Cystic Fibrosis Transmembrane Regulator,NP_000483.1,(No single rsID; ClinVar=7102),Weak intron8 acceptor → partial exon9 skipping,"CFTR-related (CBAVD, mild CF)",European,EUR: CEU/TSI,Female,5.0,0,1.0,999,5,(Chillon 1995; 5T female silent; Groman 2004; incomplete penetrance),(No direct links)
CFTR,Chr7:117120000-117308000,c.1210-12T(5) (IVS8-5T),NM_000492.3:c.1210-12T(5),CFTR (Gene ID:1080),NM_000492.4,Cystic Fibrosis Transmembrane Regulator,NP_000483.1,(No single rsID; ClinVar=7102),Weak intron8 acceptor → partial exon9 skipping,"CFTR-related (CBAVD, mild CF)",East Asian,EAS: CHB/JPT,Male,2.0,10,6.0,999,2,(CFTR 5T rare in EAS but can cause CBAVD in male carriers),(No direct links)
CFTR,Chr7:117120000-117308000,c.1210-12T(5) (IVS8-5T),NM_000492.3:c.1210-12T(5),CFTR (Gene ID:1080),NM_000492.4,Cystic Fibrosis Transmembrane Regulator,NP_000483.1,(No single rsID; ClinVar=7102),Weak intron8 acceptor → partial exon9 skipping,"CFTR-related (CBAVD, mild CF)",East Asian,EAS: CHB/JPT,Female,2.0,0,1.0,999,2,(5T female penetrance ~0; CF rare in East Asia; Bombieri 2011 etc.),(No direct links)
CFTR,Chr7:117120000-117308000,c.1210-12T(5) (IVS8-5T),NM_000492.3:c.1210-12T(5),CFTR (Gene ID:1080),NM_000492.4,Cystic Fibrosis Transmembrane Regulator,NP_000483.1,(No single rsID; ClinVar=7102),Weak intron8 acceptor → partial exon9 skipping,"CFTR-related (CBAVD, mild CF)",South Asian,SAS: GIH/STU,Male,4.0,10,6.0,999,4,"(Bombieri 2011; limited SAS data, ~4% freq; ~10% male penetrance guess)",(No direct links)
CFTR,Chr7:117120000-117308000,c.1210-12T(5) (IVS8-5T),NM_000492.3:c.1210-12T(5),CFTR (Gene ID:1080),NM_000492.4,Cystic Fibrosis Transmembrane Regulator,NP_000483.1,(No single rsID; ClinVar=7102),Weak intron8 acceptor → partial exon9 skipping,"CFTR-related (CBAVD, mild CF)",South Asian,SAS: GIH/STU,Female,4.0,0,1.0,999,4,(Likely silent in females; incomplete data in SAS; Groman 2004),(No direct links)
CFTR,Chr7:117120000-117308000,c.1210-12T(5) (IVS8-5T),NM_000492.3:c.1210-12T(5),CFTR (Gene ID:1080),NM_000492.4,Cystic Fibrosis Transmembrane Regulator,NP_000483.1,(No single rsID; ClinVar=7102),Weak intron8 acceptor → partial exon9 skipping,"CFTR-related (CBAVD, mild CF)",American,AMR: CLM/MXL,Male,5.0,10,6.0,999,5,(Nature GIM 2006; ~4–5% freq in Latino/EUR ancestry; ~10% male CBAVD risk),(No direct links)
CFTR,Chr7:117120000-117308000,c.1210-12T(5) (IVS8-5T),NM_000492.3:c.1210-12T(5),CFTR (Gene ID:1080),NM_000492.4,Cystic Fibrosis Transmembrane Regulator,NP_000483.1,(No single rsID; ClinVar=7102),Weak intron8 acceptor → partial exon9 skipping,"CFTR-related (CBAVD, mild CF)",American,AMR: CLM/MXL,Female,5.0,0,1.0,999,5,(Females rarely affected; incomplete penetrance; Bombieri 2011; CFTR 5T),(No direct links)
BRCA2,Chr13:32.3–32.4 Mb,c.68-7T>A (IVS2-7T>A),NM_000059.3:c.68-7T>A,BRCA2 (Gene ID:675),NM_000059.3,Breast cancer type 2 susceptibility protein,NP_000050.3,rs776718808,Partial exon3 skip (leaky splice),"Hereditary BC/OC, reduced penetrance",African,AFR: YRI/LWK,All,0.01,20,2.0,10,1,"(Møller 2017, PMC5683587; lower freq in AFR; ~20% lifetime BC risk estimate)",https://www.ncbi.nlm.nih.gov/pmc/articles/PMC5683587
BRCA2,Chr13:32.3–32.4 Mb,c.68-7T>A (IVS2-7T>A),NM_000059.3:c.68-7T>A,BRCA2 (Gene ID:675),NM_000059.3,Breast cancer type 2 susceptibility protein,NP_000050.3,rs776718808,Partial exon3 skip (leaky splice),"Hereditary BC/OC, reduced penetrance",European,EUR: CEU/TSI,All,0.2,20,2.0,10,2,"(Møller 2017, PMC5683587; up to 0.5% Finland; OR ~1.2–2.0 vs. controls)",https://www.ncbi.nlm.nih.gov/pmc/articles/PMC5683587
BRCA2,Chr13:32.3–32.4 Mb,c.68-7T>A (IVS2-7T>A),NM_000059.3:c.68-7T>A,BRCA2 (Gene ID:675),NM_000059.3,Breast cancer type 2 susceptibility protein,NP_000050.3,rs776718808,Partial exon3 skip (leaky splice),"Hereditary BC/OC, reduced penetrance",East Asian,EAS: CHB/JPT,All,0.05,20,2.0,10,1,"(Møller 2017, PMC5683587; rare in Asia ~0.05%; moderate risk allele)",https://www.ncbi.nlm.nih.gov/pmc/articles/PMC5683587
BRCA2,Chr13:32.3–32.4 Mb,c.68-7T>A (IVS2-7T>A),NM_000059.3:c.68-7T>A,BRCA2 (Gene ID:675),NM_000059.3,Breast cancer type 2 susceptibility protein,NP_000050.3,rs776718808,Partial exon3 skip (leaky splice),"Hereditary BC/OC, reduced penetrance",South Asian,SAS: GIH/STU,All,0.05,20,2.0,10,1,(Møller 2017; limited SAS data; presumably similar modest risk ~2×),(No direct links)
BRCA2,Chr13:32.3–32.4 Mb,c.68-7T>A (IVS2-7T>A),NM_000059.3:c.68-7T>A,BRCA2 (Gene ID:675),NM_000059.3,Breast cancer type 2 susceptibility protein,NP_000050.3,rs776718808,Partial exon3 skip (leaky splice),"Hereditary BC/OC, reduced penetrance",American,AMR: CLM/MXL,All,0.2,20,2.0,10,2,"(Møller 2017, ExAC; higher in EUR ancestry; ~0.2% freq; low-mod penetrance)",(No direct links)
CCM2,Chr7p13 (~44.8–45.0 Mb),c.30+5_30+6delGCinsTT,NM_031443.3:c.30+5_30+6delGCinsTT,CCM2 (Gene ID:83605),NM_031443.3,Malcavernin (endothelial scaffold),NP_113754.1,"(AJ founder, no rsID)",Destroys intron1 donor → exon1 skip → LOF,Cerebral Cavernous Malformation type2,African,AFR: YRI/LWK,All,0.0,0,1.0,1,0,"(Trujillo 2021, oaepublish.com; absent outside AJ; single founder in AJ)",https://www.oaepublish.com/articles/2574-1209.2021.28
CCM2,Chr7p13 (~44.8–45.0 Mb),c.30+5_30+6delGCinsTT,NM_031443.3:c.30+5_30+6delGCinsTT,CCM2 (Gene ID:83605),NM_031443.3,Malcavernin (endothelial scaffold),NP_113754.1,"(AJ founder, no rsID)",Destroys intron1 donor → exon1 skip → LOF,Cerebral Cavernous Malformation type2,European,EUR: CEU/TSI,All,0.0,0,1.0,1,0,(Gallione 2011; not found in non-Jewish EUR; single AJ founder event),(No direct links)
CCM2,Chr7p13 (~44.8–45.0 Mb),c.30+5_30+6delGCinsTT,NM_031443.3:c.30+5_30+6delGCinsTT,CCM2 (Gene ID:83605),NM_031443.3,Malcavernin (endothelial scaffold),NP_113754.1,"(AJ founder, no rsID)",Destroys intron1 donor → exon1 skip → LOF,Cerebral Cavernous Malformation type2,East Asian,EAS: CHB/JPT,All,0.0,0,1.0,1,0,(Trujillo 2021; no CCM2 founder in EAS; only AJ lineage c.30+5_+6delinsTT),(No direct links)
CCM2,Chr7p13 (~44.8–45.0 Mb),c.30+5_30+6delGCinsTT,NM_031443.3:c.30+5_30+6delGCinsTT,CCM2 (Gene ID:83605),NM_031443.3,Malcavernin (endothelial scaffold),NP_113754.1,"(AJ founder, no rsID)",Destroys intron1 donor → exon1 skip → LOF,Cerebral Cavernous Malformation type2,South Asian,SAS: GIH/STU,All,0.0,0,1.0,1,0,(Trujillo 2021; absent in SAS; founder splicing mutation restricted to AJ),(No direct links)
CCM2,Chr7p13 (~44.8–45.0 Mb),c.30+5_30+6delGCinsTT,NM_031443.3:c.30+5_30+6delGCinsTT,CCM2 (Gene ID:83605),NM_031443.3,Malcavernin (endothelial scaffold),NP_113754.1,"(AJ founder, no rsID)",Destroys intron1 donor → exon1 skip → LOF,Cerebral Cavernous Malformation type2,American,AMR: ASH (Ashkenazi),All,0.3,50,500.0,1,1,(Gallione 2011; ~50% incomplete penetrance for CCM2 founder in AJ diaspora),(No direct links)
COL4A5,ChrX:108539805,c.141G>A,NM_033380.3:c.141G>A,COL4A5 (Gene ID:1287),"NM_033380.3, NM_000495.5",Collagen α-5(IV) chain,NP_203699.1,rs2065509989,Disrupts GT donor → exon2 skip → defective collagen,X-linked Alport syndrome,African,AFR: YRI/LWK,Male,0.0,100,15.0,1,0,"(Groopman 2022, Hines 2018; c.141G>A absent in large db; ~100% penetrance in males)",(No direct links)
COL4A5,ChrX:108539805,c.141G>A,NM_033380.3:c.141G>A,COL4A5 (Gene ID:1287),"NM_033380.3, NM_000495.5",Collagen α-5(IV) chain,NP_203699.1,rs2065509989,Disrupts GT donor → exon2 skip → defective collagen,X-linked Alport syndrome,African,AFR: YRI/LWK,Female,0.0,85,10.0,1,0,"(Groopman 2022, Hines 2018; female carriers ~85% have renal/hematuria features)",(No direct links)
COL4A5,ChrX:108539805,c.141G>A,NM_033380.3:c.141G>A,COL4A5 (Gene ID:1287),"NM_033380.3, NM_000495.5",Collagen α-5(IV) chain,NP_203699.1,rs2065509989,Disrupts GT donor → exon2 skip → defective collagen,X-linked Alport syndrome,European,EUR: CEU/TSI,Male,0.0,100,15.0,1,0,"(Groopman 2022, Hines 2018; c.141G>A is private mutation, ~0% freq in controls)",(No direct links)
COL4A5,ChrX:108539805,c.141G>A,NM_033380.3:c.141G>A,COL4A5 (Gene ID:1287),"NM_033380.3, NM_000495.5",Collagen α-5(IV) chain,NP_203699.1,rs2065509989,Disrupts GT donor → exon2 skip → defective collagen,X-linked Alport syndrome,European,EUR: CEU/TSI,Female,0.0,85,10.0,1,0,"(Groopman 2022, Hines 2018; female carriers partial disease; high risk vs. baseline)",(No direct links)
COL4A5,ChrX:108539805,c.141G>A,NM_033380.3:c.141G>A,COL4A5 (Gene ID:1287),"NM_033380.3, NM_000495.5",Collagen α-5(IV) chain,NP_203699.1,rs2065509989,Disrupts GT donor → exon2 skip → defective collagen,X-linked Alport syndrome,East Asian,EAS: CHB/JPT,Male,0.0,100,15.0,1,0,"(Gast 2021, PMC8729840; variant absent in EAS db; ~100% penetrance in male carriers)",https://www.ncbi.nlm.nih.gov/pmc/articles/PMC8729840
COL4A5,ChrX:108539805,c.141G>A,NM_033380.3:c.141G>A,COL4A5 (Gene ID:1287),"NM_033380.3, NM_000495.5",Collagen α-5(IV) chain,NP_203699.1,rs2065509989,Disrupts GT donor → exon2 skip → defective collagen,X-linked Alport syndrome,East Asian,EAS: CHB/JPT,Female,0.0,85,10.0,1,0,"(Gast 2021, PMC8729840; female carriers ~85% show hematuria or mild kidney issues)",https://www.ncbi.nlm.nih.gov/pmc/articles/PMC8729840
COL4A5,ChrX:108539805,c.141G>A,NM_033380.3:c.141G>A,COL4A5 (Gene ID:1287),"NM_033380.3, NM_000495.5",Collagen α-5(IV) chain,NP_203699.1,rs2065509989,Disrupts GT donor → exon2 skip → defective collagen,X-linked Alport syndrome,South Asian,SAS: GIH/STU,Male,0.0,100,15.0,1,0,"(Groopman 2022, Hines 2018; not in SAS controls; typical XLAS penetrance for males)",(No direct links)
COL4A5,ChrX:108539805,c.141G>A,NM_033380.3:c.141G>A,COL4A5 (Gene ID:1287),"NM_033380.3, NM_000495.5",Collagen α-5(IV) chain,NP_203699.1,rs2065509989,Disrupts GT donor → exon2 skip → defective collagen,X-linked Alport syndrome,South Asian,SAS: GIH/STU,Female,0.0,85,10.0,1,0,"(Groopman 2022, Hines 2018; female heterozygotes ~85% with kidney findings)",(No direct links)
COL4A5,ChrX:108539805,c.141G>A,NM_033380.3:c.141G>A,COL4A5 (Gene ID:1287),"NM_033380.3, NM_000495.5",Collagen α-5(IV) chain,NP_203699.1,rs2065509989,Disrupts GT donor → exon2 skip → defective collagen,X-linked Alport syndrome,American,AMR: CLM/MXL,Male,0.0,100,15.0,1,0,(Groopman 2022; absent in Latino/Admixed db; ~100% male disease if present),(No direct links)
COL4A5,ChrX:108539805,c.141G>A,NM_033380.3:c.141G>A,COL4A5 (Gene ID:1287),"NM_033380.3, NM_000495.5",Collagen α-5(IV) chain,NP_203699.1,rs2065509989,Disrupts GT donor → exon2 skip → defective collagen,X-linked Alport syndrome,American,AMR: CLM/MXL,Female,0.0,85,10.0,1,0,(Groopman 2022; partial penetrance in females with c.141G>A; ~85%),(No direct links)
